1,john@gmail.com,qwerty,2025-01-24 13:59:27.658177+04
3,cinddy@gmail.com,fgth,2025-01-24 14:03:49.786172+04
4,EmailStr@gmail.com,str,2025-01-24 17:33:13.654462+04
5,Nickolay@gmail.com,str129,2025-01-24 17:39:53.700768+04
6,Nickolay1@gmail.com,str1293,2025-01-24 17:40:03.525721+04
9,Nickolay11@gmail.com,str1293,2025-01-24 17:41:50.186783+04
10,Nickolay111@gmail.com,str1293,2025-01-24 17:43:45.978148+04
12,Nick@gmail.com,str12943,2025-01-24 17:46:18.308366+04
13,Nick3@gmail.com,str12943,2025-01-24 17:48:34.069695+04
15,Nick35@gmail.com,str12943,2025-01-24 17:49:31.385721+04
16,Nick355@gmail.com,str12943,2025-01-24 17:51:19.778338+04
17,Nick3555@gmail.com,str12943,2025-01-24 17:53:38.480083+04
19,Nick555@gmail.com,str12943,2025-01-24 17:54:24.379169+04
20,ANick555@gmail.com,str129453,2025-01-24 17:55:49.94626+04
